angDist,SourceID,RA,DEC,main_id,ra,dec,coo_err_maj,coo_err_min,coo_err_angle,nbref,ra_sexa,dec_sexa,coo_qual,coo_bibcode,main_type,other_types,radvel,radvel_err,redshift,redshift_err,sp_type,morph_type,plx,plx_err,pmra,pmdec,pm_err_maj,pm_err_min,pm_err_pa,size_maj,size_min,size_angle,B,V,R,J,H,K,u,g,r,i,z
0.730211,1,5.072062150000001,59.3038693,[CHM2007] LDC   31 J002017.33+5918136,5.0716666667,+59.3038888889,,,172,1,00 20 17.2    ,+59 18 14     ,D,2007ApJ...655..790C,GinGroup,GiG,-348.000,,-0.0011601,,,,,,,,,,,,,,,,,,,5.610,,,,,
0.126465,6,5.07265745,59.30697225,LGGS J002017.47+591825.1,5.0727178150,+59.3069553787,0.001,0.001,90,1,00 20 17.45228,+59 18 25.0394,A,2020yCat.1350....0G,Em*,*|Em*,,,,,,,1.1997,0.8904,-0.853,0.747,0.943,0.847,90,,,,21.240,20.650,,,,,,,,,
0.502495,11,5.0788711,59.3023193,LGGS J002018.90+591808.8,5.0787500000,+59.3024444444,0.100,0.100,90,1,00 20 18.90   ,+59 18 08.8   ,C,2007AJ....134.2474M,Em*,*|Em*,,,,,,,,,,,,,,,,,22.080,21.460,,,,,,,,,
0.879157,11,5.0788711,59.3023193,[TG2009] 33,5.0787500000,+59.3025555556,,,172,2,00 20 18.90   ,+59 18 09.2   ,C,2015ApJ...804..123L,Cl*,Cl*,,,,,,,,,,,,,,0.017000,0.017000,90,20.870,19.976,19.365,,,,,,,,
1.676995,15,5.0668564,59.3003302,[HL90]  44,5.0675000000,+59.3000000000,,,172,1,00 20 16.2    ,+59 18 00     ,D,,HII,HII,,,,,,,,,,,,,,,,,,,,,,,,,,,
0.144217,16,5.07712625,59.30031595,LGGS J002018.54+591801.1,5.0771834756,+59.3002885410,0.000,0.000,90,1,00 20 18.52403,+59 18 01.0387,A,2020yCat.1350....0G,Em*,*|Em*,,,,,,,,,0.159,0.395,0.400,0.441,90,,,,21.170,20.490,,,,,,,,,
0.571196,18,5.08066305,59.3032006,[HL90]  59,5.0808333333,+59.3033333333,,,172,1,00 20 19.4    ,+59 18 12     ,D,,HII,HII,,,,,,,,,,,,,,,,,,,,,,,,,,,
1.915420,18,5.08066305,59.3032006,[HL90]  58,5.0800000000,+59.3036111111,,,172,1,00 20 19.2    ,+59 18 13     ,D,,HII,HII,,,,,,,,,,,,,,,,,,,,,,,,,,,
1.523743,22,5.0802724,59.301157,[GTA2012] 27,5.0805000000,+59.3007500000,,,172,1,00 20 19.320  ,+59 18 02.70  ,C,2012MNRAS.425.2557G,PN?_Candidate,PN?,-324.000,,-0.0010802,,,,,,,,,,,,,,,,,,,,,,,,
1.908960,22,5.0802724,59.301157,WBBH J002019+591802.3,5.0805583333,+59.3006472222,,,172,2,00 20 19.334  ,+59 18 02.33  ,C,2017MNRAS.467.2113W,Radio,Rad,,,,,,,,,,,,,,,,,,,,,,,,,,,
0.115275,23,5.07633175,59.2995345,[LL2015] 30,5.0762723599,+59.2995242072,0.002,0.002,90,2,00 20 18.30537,+59 17 58.2871,A,2018yCat.1345....0G,Cl*,*|Cl*,,,,,,,,,-15.745,-2.989,3.865,3.075,90,0.017000,0.017000,90,20.382,19.518,18.798,,,,,,,,
0.179192,55,5.07243715,59.31107305,[BGR2000] Br 1,5.0725000000,+59.3111111111,,,172,14,00 20 17.4    ,+59 18 40     ,D,,HII,HII|PoG,,,,,,,,,,,,,,,,,,,,,,,,,,,
0.187074,55,5.07243715,59.31107305,WBBH J002017+591839.7,5.0724583333,+59.3110222222,,,172,2,00 20 17.390  ,+59 18 39.68  ,C,2017MNRAS.467.2113W,Radio,Rad,,,,,,,,,,,,,,,,,,,,,,,,,,,
0.643704,55,5.07243715,59.31107305,IRAS 00175+5902,5.0726136660,+59.3109185974,0.004,0.007,90,4,00 20 17.42728,+59 18 39.3070,C,2020yCat.1350....0G,MIR,*|IR|MIR,,,,,,,,,,,,,32767,,,,,,,15.266,14.676,13.796,,,,,
0.651140,55,5.07243715,59.31107305,[PSB2020] IC   10  9,5.0720833333,+59.3110833333,,,172,1,00 20 17.30   ,+59 18 39.9   ,E,2020AJ....160...66P,HIshell,,-361.000,,-0.0012034,,,,,,,,,,,0.250000,0.250000,0,,,,,,,,,,,
0.747442,55,5.07243715,59.31107305,[TCA2017] T5,5.0726250000,+59.3108888889,,,172,2,00 20 17.43   ,+59 18 39.2   ,C,2017MNRAS.472.4618T,WR*,WR*|WR?,,,,,,,,,,,,,,,,,,,,,,,,,,,
0.093106,64,5.073991599999999,59.29611895,[LL2015] 27,5.0740312636,+59.2961350349,0.000,0.000,90,3,00 20 17.76750,+59 17 46.0861,A,2020yCat.1350....0G,Cl*,*|Cl*,,,,,,,0.4022,0.3683,0.674,0.053,0.251,0.262,90,0.015000,0.015000,90,19.180,18.507,18.008,,,,,,,,
0.015656,65,5.07167195,59.2959767,[LL2015] 24,5.0716640537,+59.2959750699,0.000,0.000,90,3,00 20 17.19937,+59 17 45.5103,A,2020yCat.1350....0G,Cl*,*|Cl*,,,,,,,0.6544,0.5078,-1.606,-1.892,0.463,0.490,90,0.047000,0.047000,90,18.691,17.590,16.759,,,,,,,,
1.931646,73,5.0757664,59.29575415,[HL90]  46,5.0762500000,+59.2952777778,,,172,3,00 20 18.3    ,+59 17 43     ,D,,HII,HII,,,,,,,,,,,,,,,,,,,,,,,,,,,
0.385353,77,5.0869436,59.2997882,[WWW2005] XA 11,5.0871166667,+59.2997277778,0.220,0.130,128,7,00 20 20.908  ,+59 17 59.02  ,C,2003yCat.2246....0C,X,X,,,,,,,,,,,,,,,,,,,,16.450,15.400,15.500,,,,,
0.566608,77,5.0869436,59.2997882,LGGS J002020.94+591759.3,5.0872500000,+59.2998055556,0.100,0.100,90,2,00 20 20.94   ,+59 17 59.3   ,C,2007AJ....134.2474M,Em*,*|Em*,,,,,,,,,,,,,,,,,21.160,19.950,,,,,,,,,
1.076874,79,5.0841666,59.3103325,[TCA2017] T6,5.0847500000,+59.3103611111,,,172,1,00 20 20.34   ,+59 18 37.3   ,C,2017MNRAS.472.4618T,WR*,WR*|WR?,,,,,,,,,,,,,,,,,,,,,,,,19.222,,,
1.156908,79,5.0841666,59.3103325,[TG2009] 36,5.0846666667,+59.3105277778,,,172,2,00 20 20.32   ,+59 18 37.9   ,C,2015ApJ...804..123L,Cl*,Cl*,,,,,,,,,,,,,,0.023000,0.023000,90,18.785,18.036,17.315,,,,,,,,
1.217147,79,5.0841666,59.3103325,LGGS J002020.35+591837.6,5.0847916667,+59.3104444444,0.100,0.100,90,2,00 20 20.35   ,+59 18 37.6   ,C,2007AJ....134.2474M,Em*,*|Em*,,,,,,,,,,,,,,,,,19.940,19.110,,,,,,,,,
0.289957,85,5.0849163,59.31049385,LGGS J002020.35+591837.6,5.0847916667,+59.3104444444,0.100,0.100,90,2,00 20 20.35   ,+59 18 37.6   ,C,2007AJ....134.2474M,Em*,*|Em*,,,,,,,,,,,,,,,,,19.940,19.110,,,,,,,,,
0.474657,85,5.0849163,59.31049385,[TG2009] 36,5.0846666667,+59.3105277778,,,172,2,00 20 20.32   ,+59 18 37.9   ,C,2015ApJ...804..123L,Cl*,Cl*,,,,,,,,,,,,,,0.023000,0.023000,90,18.785,18.036,17.315,,,,,,,,
0.567200,85,5.0849163,59.31049385,[TCA2017] T6,5.0847500000,+59.3103611111,,,172,1,00 20 20.34   ,+59 18 37.3   ,C,2017MNRAS.472.4618T,WR*,WR*|WR?,,,,,,,,,,,,,,,,,,,,,,,,19.222,,,
1.459182,85,5.0849163,59.31049385,RSMV  8,5.0856666667,+59.3103611111,0.100,0.100,90,6,00 20 20.56   ,+59 18 37.3   ,C,2007AJ....134.2474M,WR*,*|WR*,,,,,WN10,,,,,,,,,,,,20.920,20.240,19.630,,,,,,,,
1.803395,85,5.0849163,59.31049385,LGGS J002020.31+591839.5,5.0846250000,+59.3109722222,,,172,1,00 20 20.31   ,+59 18 39.5   ,D,2007AJ....133.2393M,Star,*,,,,,,,,,,,,,,,,,21.970,21.540,20.840,,,,,,,,
0.158893,90,5.08354415,59.3114499,LGGS J002020.03+591841.2,5.0834583333,+59.3114444444,0.100,0.100,90,1,00 20 20.03   ,+59 18 41.2   ,C,2007AJ....134.2474M,Em*,*|Em*,,,,,,,,,,,,,,,,,20.920,20.200,,,,,,,,,
0.295094,91,5.0902657,59.3061962,[TG2009] 39,5.0902500000,+59.3062777778,,,172,2,00 20 21.66   ,+59 18 22.6   ,C,2015ApJ...804..123L,Cl*,Cl*,,,,,,,,,,,,,,0.017000,0.017000,90,21.073,20.294,19.664,,,,,,,,
1.394585,91,5.0902657,59.3061962,[WM98] HI 7,5.0900000000,+59.3058333333,,,172,2,00 20 21.6    ,+59 18 21     ,D,1998AJ....116.2363W,HIshell,sh,,,,,,,,,,,,,,,,,,,,,,,,,,,
0.903892,100,5.0844871,59.311539,[MAC92]  6,5.0849583333,+59.3116111111,,,172,4,00 20 20.39   ,+59 18 41.8   ,D,,WR*,WR*,,,,,WN,,,,,,,,,,,,,,,,,,,,,,
1.519236,100,5.0844871,59.311539,LGGS J002020.34+591840.1,5.0847500000,+59.3111388889,,,172,1,00 20 20.34   ,+59 18 40.1   ,D,2007AJ....133.2393M,Star,*,,,,,,,,,,,,,,,,,21.850,22.190,20.880,,,,,,,,
1.764360,100,5.0844871,59.311539,RSMV  9,5.0850416667,+59.3111388889,,,172,5,00 20 20.41   ,+59 18 40.1   ,D,2001A&A...366L...1R,WR*,WR*,,,,,WNE,,,,,,,,,,,,,,,,,,,,,,
1.920594,100,5.0844871,59.311539,LGGS J002020.03+591841.2,5.0834583333,+59.3114444444,0.100,0.100,90,1,00 20 20.03   ,+59 18 41.2   ,C,2007AJ....134.2474M,Em*,*|Em*,,,,,,,,,,,,,,,,,20.920,20.200,,,,,,,,,
0.645401,103,5.06114075,59.31241325,[HL90]  35,5.0608333333,+59.3125000000,,,172,1,00 20 14.6    ,+59 18 45     ,D,,HII,HII,,,,,,,,,,,,,,,,,,,,,,,,,,,
0.120649,115,5.07510925,59.314522350000004,LGGS J002018.03+591852.3,5.0750551813,+59.3145033285,0.000,0.000,90,1,00 20 18.01324,+59 18 52.2120,A,2020yCat.1350....0G,Em*,*|Em*,,,,,,,0.1614,0.2520,-2.336,1.187,0.229,0.249,90,,,,21.170,19.940,,,,,,,,,
0.069735,116,5.0930145,59.30261955,LGGS J002022.35+591809.5,5.0930522058,+59.3026173801,0.000,0.000,90,1,00 20 22.33253,+59 18 09.4226,A,2020yCat.1350....0G,Em*,*|Em*,,,,,,,0.9741,0.5867,0.436,-0.317,0.504,0.527,90,,,,21.180,20.540,,,,,,,,,
1.579884,116,5.0930145,59.30261955,[HL90]  76,5.0929166667,+59.3030555556,,,172,1,00 20 22.3    ,+59 18 11     ,D,,HII,HII,,,,,,,,,,,,,,,,,,,,,,,,,,,
0.185349,119,5.08764,59.29621455,LGGS J002021.06+591746.6,5.0876736116,+59.2962630912,0.000,0.000,90,1,00 20 21.04167,+59 17 46.5471,A,2020yCat.1350....0G,Em*,*|Em*,,,,,,,0.3512,0.2269,0.142,-0.388,0.211,0.227,90,,,,20.100,19.390,,,,,,,,,
0.473968,123,5.0781627,59.3148142,[TG2009] 32,5.0781250000,+59.3149444444,,,172,3,00 20 18.75   ,+59 18 53.8   ,C,2015ApJ...804..123L,Cl*,Cl*,,,,,,,,,,,,,,0.092000,0.092000,90,19.450,18.715,18.023,,,,,,,,
1.485283,128,5.0803521,59.3150799,[BGR2000] Br 2,5.0796666667,+59.3148611111,,,172,12,00 20 19.12   ,+59 18 53.5   ,D,2009ApJ...703..370C,SNR,HII|PoG|Rad|SNR,,,,,,,,,,,,,,,,,,,,,,,,,,,
1.778380,132,5.09556585,59.3010303,[HL90]  86,5.0958333333,+59.3005555556,,,172,1,00 20 23.0    ,+59 18 02     ,D,,HII,HII,,,,,,,,,,,,,,,,,,,,,,,,,,,
0.564332,141,5.0805516,59.29191525,[TG2009] 34,5.0802500000,+59.2919444444,,,172,3,00 20 19.26   ,+59 17 31.0   ,C,2015ApJ...804..123L,Cl*,Cl*,,,,,,,,,,,,,,0.027000,0.027000,90,21.027,19.731,18.777,,,,,,,,
0.335403,145,5.0955866499999996,59.299380049999996,LGGS J002022.99+591757.8,5.0957380000,+59.2993280000,0.070,0.070,45,1,00 20 22.977  ,+59 17 57.58  ,C,2003yCat.2246....0C,Em*,*|Em*|IR,,,,,,,,,,,,,,,,,21.520,20.560,,15.870,14.724,14.377,,,,,
0.258278,149,5.08661725,59.2932206,TYC 3665-1255-1,5.0867577349,+59.2932196688,0.000,0.000,90,1,00 20 20.82186,+59 17 35.5908,A,2020yCat.1350....0G,Star,*|IR,,,,,,,1.5909,0.0107,-12.711,-2.992,0.009,0.011,90,,,,13.360,12.680,,11.299,11.046,10.963,,,,,
1.728134,149,5.08661725,59.2932206,[HL90]  64,5.0875000000,+59.2930555556,,,172,2,00 20 21.0    ,+59 17 35     ,D,,HII,HII,,,,,,,,,,,,,,,,,,,,,,,,,,,
0.044008,156,5.09105845,59.29472805,[MAC92]  7,5.0910671293,+59.2947166571,0.000,0.000,90,13,00 20 21.85611,+59 17 40.9800,A,2020yCat.1350....0G,WR*,*|Cl*|WR*,,,,,WC4/5,,,,-0.683,3.870,0.464,0.495,90,0.010000,0.010000,90,19.760,19.090,18.640,,,,,,,,
0.906127,156,5.09105845,59.29472805,LGGS J002021.97+591741.2,5.0915416667,+59.2947777778,,,172,2,00 20 21.97   ,+59 17 41.2   ,D,2007AJ....133.2393M,Star,*,,,,,,,,,,,,,,,,,20.990,20.790,20.300,,,,,,,,
0.531241,158,5.0955834,59.297787150000005,LGGS J002022.90+591751.8,5.0953581289,+59.2976947009,0.000,0.000,90,1,00 20 22.88595,+59 17 51.7009,A,2020yCat.1350....0G,Em*,*|Em*,,,,,,,,,-0.180,0.287,0.230,0.266,90,,,,22.230,20.790,,,,,,,,,
1.532223,158,5.0955834,59.297787150000005,LGGS J002022.74+591752.0,5.0947500000,+59.2977777778,0.100,0.100,90,1,00 20 22.74   ,+59 17 52.0   ,C,2007AJ....134.2474M,Em*,*|Em*,,,,,,,,,,,,,,,,,22.420,21.880,,,,,,,,,
0.638504,165,5.0984414000000005,59.301393000000004,LGGS J002023.58+591804.9,5.0981188739,+59.3013270796,0.001,0.001,90,1,00 20 23.54853,+59 18 04.7775,A,2020yCat.1350....0G,Em*,*|Em*,,,,,,,0.0042,0.7186,-0.269,-1.532,0.652,0.744,90,,,,22.360,21.070,,,,,,,,,
0.393793,177,5.09752645,59.29760855,[HL90]  89,5.0975000000,+59.2975000000,,,172,3,00 20 23.4    ,+59 17 51     ,D,,HII,HII,,,,,,,,,,,,,,,,,,,,,,,,,,,
1.793232,179,5.0967957,59.29674835,[HL90]  85,5.0958333333,+59.2966666667,,,172,1,00 20 23.0    ,+59 17 48     ,D,,HII,HII,,,,,,,,,,,,,,,,,,,,,,,,,,,
0.064506,181,5.05046985,59.313345600000005,LGGS J002012.13+591848.0,5.0504767507,+59.3133280312,0.000,0.000,90,1,00 20 12.11442,+59 18 47.9809,A,2020yCat.1350....0G,Em*,*|Em*,,,,,,,0.0553,0.1814,-0.141,-0.167,0.161,0.176,90,,,,20.340,19.370,,,,,,,,,
0.188365,184,5.0986946,59.298433450000005,LGGS J002023.71+591754.3,5.0987916667,+59.2984166667,0.100,0.100,90,1,00 20 23.71   ,+59 17 54.3   ,C,2007AJ....134.2474M,Em*,*|Em*,,,,,,,,,,,,,,,,,19.980,19.120,,,,,,,,,
0.350228,187,5.0871827,59.3163812,[TG2009] 38,5.0872500000,+59.3164722222,,,172,2,00 20 20.94   ,+59 18 59.3   ,C,2015ApJ...804..123L,Cl*,Cl*,,,,,,,,,,,,,,0.018000,0.018000,90,21.971,20.982,20.223,,,,,,,,
0.784284,188,5.09628775,59.29597185,LGGS J002023.01+591745.3,5.0958750000,+59.2959166667,0.100,0.100,90,1,00 20 23.01   ,+59 17 45.3   ,C,2007AJ....134.2474M,Em*,*|Em*,,,,,,,,,,,,,,,,,21.930,21.300,,,,,,,,,
0.167480,193,5.06857905,59.3185962,LGGS J002016.48+591906.9,5.0686666667,+59.3185833333,0.100,0.100,90,1,00 20 16.48   ,+59 19 06.9   ,C,2007AJ....134.2474M,Em*,*|Em*,,,,,,,,,,,,,,,,,20.150,19.190,,,,,,,,,
0.729363,194,5.0476745,59.3124042,[HL90]  28,5.0475000000,+59.3122222222,,,172,1,00 20 11.4    ,+59 18 44     ,D,,HII,HII,,,,,,,,,,,,,,,,,,,,,,,,,,,
0.277628,212,5.0493918,59.2936998,LGGS J002011.89+591737.6,5.0494518186,+59.2937705677,0.000,0.000,90,1,00 20 11.86844,+59 17 37.5740,A,2020yCat.1350....0G,Em*,*|Em*,,,,,,,,,0.583,-0.735,0.561,0.566,90,,,,21.920,20.880,,,,,,,,,
0.259010,218,5.097156549999999,59.295035150000004,LGGS J002023.35+591742.2,5.0972916667,+59.2950555556,,,172,12,00 20 23.35   ,+59 17 42.2   ,D,2007AJ....133.2393M,WR*,*|WR*,,,,,WC7,,,,,,,,,,,,20.930,20.520,20.040,,,,,,,,
0.303828,221,5.1025892,59.3050025,[TG2009] 45,5.1025416667,+59.3050833333,,,172,2,00 20 24.61   ,+59 18 18.3   ,C,2015ApJ...804..123L,Cl*,Cl*,,,,,,,,,,,,,,0.035000,0.035000,90,19.741,18.770,18.084,,,,,,,,
0.448319,223,5.1028047,59.303348549999995,[TG2009] 46,5.1028333333,+59.3034722222,,,172,2,00 20 24.68   ,+59 18 12.5   ,C,2015ApJ...804..123L,Cl*,Cl*,,,,,,,,,,,,,,0.017000,0.017000,90,19.029,18.370,17.774,,,,,,,,
0.603096,223,5.1028047,59.303348549999995,[H2001] 1-2,5.1025833333,+59.3034722222,,,172,3,00 20 24.62   ,+59 18 12.5   ,D,2001ApJ...559..225H,Cl*,Cl*,,,,,,,,,,,,,,,,,,,,,,,,,,,
0.734287,225,5.093713599999999,59.292479,2MASS J00202240+5917332,5.0933583333,+59.2925722222,0.060,0.060,45,1,00 20 22.406  ,+59 17 33.26  ,C,2003yCat.2246....0C,Star,*|IR,,,,,,,,,,,,,,,,,19.340,18.400,17.810,15.450,14.600,14.020,,,,,
0.640597,226,5.0480207,59.31383805,[TG2009] 18,5.0477916667,+59.3139722222,,,172,2,00 20 11.47   ,+59 18 50.3   ,C,2015ApJ...804..123L,Cl*,Cl*,,,,,,,,,,,,,,0.027000,0.027000,90,19.934,18.887,17.968,,,,,,,,
0.420540,231,5.0964155,59.293696999999995,LGGS J002023.16+591737.7,5.0965000000,+59.2938055556,0.100,0.100,90,1,00 20 23.16   ,+59 17 37.7   ,C,2007AJ....134.2474M,Em*,*|Em*,,,,,,,,,,,,,,,,,20.570,19.950,,,,,,,,,
1.690956,231,5.0964155,59.293696999999995,[HL90]  83,5.0958333333,+59.2933333333,,,172,1,00 20 23.0    ,+59 17 36     ,D,,HII,HII,,,,,,,,,,,,,,,,,,,,,,,,,,,
0.280554,244,5.1001487999999995,59.2957897,[LL2015] 58,5.1002254772,+59.2958570829,0.000,0.000,90,4,00 20 24.05411,+59 17 45.0855,A,2020yCat.1350....0G,Cl*,*|Cl*,,,,,,,0.2497,0.6312,0.538,0.079,0.549,0.652,90,0.011917,0.011917,32767,20.993,19.823,19.008,,,,,,,,
0.228261,245,5.1018687,59.2975586,LGGS J002024.44+591751.1,5.1017552926,+59.2975327645,0.001,0.001,90,1,00 20 24.42127,+59 17 51.1180,A,2020yCat.1350....0G,Em*,*|Em*,,,,,,,3.2260,1.5137,3.411,0.170,1.348,1.606,90,,,,21.520,20.770,,,,,,,,,
1.661239,245,5.1018687,59.2975586,[HL90]  95,5.1012500000,+59.2972222222,,,172,1,00 20 24.3    ,+59 17 50     ,D,,HII,HII,,,,,,,,,,,,,,,,,,,,,,,,,,,
0.228590,247,5.05171155,59.2910933,[TG2009] 20,5.0516250000,+59.2911388889,,,172,2,00 20 12.39   ,+59 17 28.1   ,C,2015ApJ...804..123L,Cl*,Cl*,,,,,,,,,,,,,,0.043000,0.043000,90,18.662,17.555,16.608,,,,,,,,
0.283738,247,5.05171155,59.2910933,2MASS J00201237+5917279,5.0515583333,+59.2911027778,0.060,0.060,90,1,00 20 12.374  ,+59 17 27.97  ,C,2003yCat.2246....0C,Star,*|IR,,,,,,,,,,,,,,,,,,,,13.620,12.560,12.080,,,,,
0.297041,255,5.1046826,59.30186945,LGGS J002025.14+591807.0,5.1047500000,+59.3019444444,0.100,0.100,90,2,00 20 25.14   ,+59 18 07.0   ,C,2007AJ....134.2474M,Em*,*|Em*,,,,,,,,,,,,,,,,,20.170,19.640,,,,,,,,,
0.604199,255,5.1046826,59.30186945,[TG2009] 48,5.1047916667,+59.3020277778,,,172,2,00 20 25.15   ,+59 18 07.3   ,C,2015ApJ...804..123L,Cl*,Cl*,,,,,,,,,,,,,,0.015000,0.015000,90,18.752,18.043,17.301,,,,,,,,
0.740216,255,5.1046826,59.30186945,2MASS J00202520+5918070,5.1050375000,+59.3019666667,0.080,0.080,135,1,00 20 25.209  ,+59 18 07.08  ,C,2003yCat.2246....0C,Star,*|IR,,,,,,,,,,,,,,,,,19.960,20.860,19.450,14.950,13.960,,,,,,
1.071025,255,5.1046826,59.30186945,[H2001] 1-1,5.1047083333,+59.3021666667,,,172,2,00 20 25.13   ,+59 18 07.8   ,D,2001ApJ...559..225H,Cl*,Cl*,,,,,,,,,,,,,,,,,,,,,,,,,,,
0.034105,256,5.1048347,59.30513835,LGGS J002025.19+591818.5,5.1048529091,+59.3051365197,0.000,0.000,90,1,00 20 25.16470,+59 18 18.4915,A,2020yCat.1350....0G,Em*,*|Em*,,,,,,,0.0066,0.4761,-0.245,0.083,0.412,0.463,90,,,,21.270,20.520,,,,,,,,,
0.160434,265,5.091683,59.2901607,2MASS J00202199+5917244,5.0916500000,+59.2901194444,0.060,0.060,90,2,00 20 21.996  ,+59 17 24.43  ,C,2003yCat.2246....0C,Star,*|IR,,,,,,,,,,,,,,,,,22.740,20.100,18.520,14.720,13.600,13.240,,,,,
0.110466,271,5.04806575,59.3160781,LGGS J002011.55+591857.9,5.0481250000,+59.3160833333,,,172,8,00 20 11.55   ,+59 18 57.9   ,D,2007AJ....133.2393M,WR*,*|WR*,,,,,WC4.5,,,,,,,,,,,,20.310,19.620,19.120,,,,,,,,
0.303502,280,5.0965943,59.2915837,LGGS J002023.17+591729.6,5.0964626581,+59.2915328251,0.000,0.000,90,1,00 20 23.15104,+59 17 29.5182,A,2020yCat.1350....0G,Em*,*|Em*,,,,,,,0.2631,0.2990,0.162,0.207,0.276,0.311,90,,,,20.430,19.740,,,,,,,,,
1.972223,280,5.0965943,59.2915837,[TCA2017] T7,5.0972916667,+59.2920000000,,,172,1,00 20 23.35   ,+59 17 31.2   ,C,2017MNRAS.472.4618T,WR*_Candidate,WR?,,,,,,,,,,,,,,,,,,,,,,,,22.231,,,
0.621263,282,5.10526505,59.2989882,LGGS J002025.25+591756.9,5.1051095126,+59.2991414167,0.004,0.002,90,1,00 20 25.22628,+59 17 56.9091,C,2020yCat.1350....0G,Em*,*|Em*,,,,,,,,,,,,,,,,,21.450,20.990,,,,,,,,,
0.524103,286,5.0737479,59.3216336,[TG2009] 26,5.0737083333,+59.3217777778,,,172,2,00 20 17.69   ,+59 19 18.4   ,C,2015ApJ...804..123L,Cl*,Cl*,,,,,,,,,,,,,,0.022000,0.022000,90,21.059,20.110,19.335,,,,,,,,
0.260837,292,5.0992678,59.2926508,[TG2009] 43,5.0992916667,+59.2927222222,,,172,3,00 20 23.83   ,+59 17 33.8   ,C,2015ApJ...804..123L,Cl*,Cl*,,,,,,,,,,,,,,0.020000,0.020000,90,21.017,20.041,19.371,,,,,,,,
0.087128,300,5.038047000000001,59.2991921,[MAC92]  3,5.0380387357,+59.2991682684,0.000,0.000,90,4,00 20 09.12930,+59 17 57.0058,A,2020yCat.1350....0G,WR*,*|WR*,,,,,WN,,0.0527,0.5478,-0.381,0.417,0.511,0.595,90,,,,21.810,20.790,,,,,,,,,
0.235194,301,5.09377255,59.2896317,LGGS J002022.58+591723.2,5.0936505581,+59.2896120331,0.002,0.007,90,1,00 20 22.47613,+59 17 22.6033,C,2018yCat.1345....0G,Em*,*|Em*,,,,,,,,,,,,,32767,,,,21.950,21.420,,,,,,,,,
0.073518,315,5.0869211,59.286937,[TG2009] 37,5.0869583333,+59.2869444444,,,172,2,00 20 20.87   ,+59 17 13.0   ,C,2015ApJ...804..123L,Cl*,Cl*,,,,,,,,,,,,,,0.034000,0.034000,90,20.495,19.554,18.742,,,,,,,,
0.241544,327,5.1043872,59.29437059999999,[TG2009] 47,5.1042916667,+59.2944166667,,,172,3,00 20 25.03   ,+59 17 39.9   ,C,2015ApJ...804..123L,Cl*,Cl*,,,,,,,,,,,,,,0.047000,0.047000,90,19.226,18.504,18.001,,,,,,,,
0.831982,327,5.1043872,59.29437059999999,[H2001] 1-3,5.1039583333,+59.2944444444,,,172,3,00 20 24.95   ,+59 17 40.0   ,D,2001ApJ...559..225H,Cl*,Cl*,,,,,,,,,,,,,,,,,,,,,,,,,,,
1.939133,329,5.0638716,59.3225466,[DBL2004] 283,5.0645833333,+59.3229444444,,,172,1,00 20 15.50   ,+59 19 22.6   ,D,2004A&A...424..125D,C*,C*,,,,,,,,,,,,,,,,,,,,,,,,,,,
1.120615,335,5.0934282,59.28778605,[MAC92]  8,5.0939166667,+59.2879722222,,,172,3,00 20 22.54   ,+59 17 16.7   ,D,,WR*,WR*,,,,,WN,,,,,,,,,,,,,,,,,,,,,,
1.866479,335,5.0934282,59.28778605,[TG2009] 41,5.0937500000,+59.2882777778,,,172,2,00 20 22.50   ,+59 17 17.8   ,C,2015ApJ...804..123L,Cl*,Cl*,,,,,,,,,,,,,,0.160000,0.160000,90,21.063,19.896,18.793,,,,,,,,
0.293207,342,5.1099921,59.3014051,LGGS J002026.38+591804.8,5.1099166667,+59.3013333333,0.100,0.100,90,1,00 20 26.38   ,+59 18 04.8   ,C,2007AJ....134.2474M,Em*,*|Em*,,,,,,,,,,,,,,,,,21.420,20.890,,,,,,,,,
1.505843,355,5.09580545,59.288259800000006,[HL90]  88,5.0962500000,+59.2886111111,,,172,1,00 20 23.1    ,+59 17 19     ,D,,HII,HII,,,,,,,,,,,,,,,,,,,,,,,,,,,
1.577129,355,5.09580545,59.288259800000006,LGGS J002023.18+591718.4,5.0965833333,+59.2884444444,0.100,0.100,90,1,00 20 23.18   ,+59 17 18.4   ,C,2007AJ....134.2474M,Em*,*|Em*,,,,,,,,,,,,,,,,,21.710,21.030,,,,,,,,,
1.621813,355,5.09580545,59.288259800000006,LGGS J002023.18+591718.5,5.0965833333,+59.2884722222,0.100,0.100,90,1,00 20 23.18   ,+59 17 18.5   ,C,2007AJ....134.2474M,Em*,*|Em*,,,,,,,,,,,,,,,,,21.710,21.010,,,,,,,,,
1.876742,355,5.09580545,59.288259800000006,[HL90]  81,5.0954166667,+59.2877777778,,,172,2,00 20 22.9    ,+59 17 16     ,D,,HII,HII,,,,,,,,,,,,,,,,,,,,,,,,,,,
0.863088,360,5.0743246,59.2839219,[TG2009] 28,5.0741250000,+59.2841388889,,,172,2,00 20 17.79   ,+59 17 02.9   ,C,2015ApJ...804..123L,Cl*,Cl*,,,,,,,,,,,,,,0.068000,0.068000,90,20.716,19.742,18.898,,,,,,,,
0.149708,364,5.0380081,59.2939563,LGGS J002009.14+591738.3,5.0380833333,+59.2939722222,,,172,1,00 20 09.14   ,+59 17 38.3   ,D,2017ApJ...836...50L,Star,*,,,,,,,,,,,,,,,,,,,,,,,,,,,
0.266326,364,5.0380081,59.2939563,LGGS J002009.15+591738.4,5.0381250000,+59.2940000000,,,172,1,00 20 09.15   ,+59 17 38.4   ,D,2017ApJ...836...50L,Star,*,,,,,,,,,,,,,,,,,,,,,,,,,,,
1.914254,365,5.1072922,59.2949889,[HL90] 111b,5.1083333333,+59.2950000000,,,172,9,00 20 26.0    ,+59 17 42     ,D,,HII,HII,,,,,,,,,,,,,,,,,,,,,,,,,,,
0.285219,372,5.071506,59.2836798,[TG2009] 23,5.0713750000,+59.2837222222,,,172,2,00 20 17.13   ,+59 17 01.4   ,C,2015ApJ...804..123L,Cl*,Cl*,,,,,,,,,,,,,,0.057000,0.057000,90,20.739,19.298,18.331,,,,,,,,
0.146665,375,5.05171745,59.32135745,[TG2009] 19,5.0516666667,+59.3213888889,,,172,2,00 20 12.40   ,+59 19 17.0   ,C,2015ApJ...804..123L,Cl*,Cl*,,,,,,,,,,,,,,0.027000,0.027000,90,19.482,18.441,17.560,,,,,,,,
1.156613,381,5.112324,59.3046599,[H2001] 2-1,5.1118333333,+59.3048611111,,,172,3,00 20 26.84   ,+59 18 17.5   ,C,2015ApJ...804..123L,Cl*,Cl*,,,,,,,,,,,,,,,,,21.322,20.443,19.777,,,,,,,,
1.313842,381,5.112324,59.3046599,LGGS J002027.02+591818.0,5.1125833333,+59.3050000000,,,172,9,00 20 27.02   ,+59 18 18.0   ,D,2007AJ....133.2393M,WR*,*|WR*,,,,,,,,,,,,,,,,,22.950,22.270,21.690,,,,,,,,
1.428064,393,5.1018131,59.2896868,LGGS J002024.43+591724.3,5.1017916667,+59.2900833333,0.100,0.100,90,1,00 20 24.43   ,+59 17 24.3   ,C,2007AJ....134.2474M,Em*,*|Em*,,,,,,,,,,,,,,,,,21.840,21.210,,,,,,,,,
0.042190,395,5.1067052,59.3148619,LGGS J002025.63+591853.5,5.1067107353,+59.3148505260,0.000,0.000,90,1,00 20 25.61058,+59 18 53.4619,A,2020yCat.1350....0G,Em*,*|Em*,,,,,,,,,-0.018,-0.030,0.141,0.152,90,,,,19.370,18.770,,,,,,,,,
0.158878,416,5.0720152,59.2823191,[TG2009] 25,5.0720416667,+59.2823611111,,,172,2,00 20 17.29   ,+59 16 56.5   ,C,2015ApJ...804..123L,Cl*,Cl*,,,,,,,,,,,,,,0.045000,0.045000,90,20.991,20.097,19.467,,,,,,,,
1.018159,424,5.1145163,59.302501,[MAC92] 16,5.1150000000,+59.3026388889,,,172,4,00 20 27.60   ,+59 18 09.5   ,D,,WR*,WR*,,,,,WN,,,,,,,,,,,,,,,,,,,,,,
0.021996,438,5.1013301,59.320162249999996,[LL2015] 44,5.1013410756,+59.3201646933,0.000,0.000,90,2,00 20 24.32186,+59 19 12.5929,A,2020yCat.1350....0G,Cl*,*|Cl*,,,,,,,0.2046,0.1833,-0.948,0.488,0.171,0.192,90,0.047000,0.047000,90,20.159,19.054,18.357,,,,,,,,
0.134693,444,5.0401636,59.2887182,[TG2009] 15,5.0401250000,+59.2887500000,,,172,2,00 20 09.63   ,+59 17 19.5   ,C,2015ApJ...804..123L,Cl*,Cl*,,,,,,,,,,,,,,0.038000,0.038000,90,19.379,18.256,17.300,,,,,,,,
1.872655,446,5.111545400000001,59.294411350000004,[VSG2007] 23,5.1117833333,+59.2939055556,,,172,1,00 20 26.828  ,+59 17 38.06  ,D,2007ApJ...662..272V,Star,*,,,,,,,,,,,,,,,,,,,,,19.130,18.250,,,,,
0.662065,447,5.098549,59.2861032,[MAC92] 11,5.0989015020,+59.2861407112,0.001,0.001,90,3,00 20 23.73636,+59 17 10.1066,A,2020yCat.1350....0G,WR*,*|IR|WR*,,,,,WN,,,,-2.651,0.942,1.371,1.301,90,,,,,,,16.346,,,,,,,
0.136866,450,5.0422239,59.32046025,[YS93] HL20a,5.0422916667,+59.3204444444,,,172,1,00 20 10.15   ,+59 19 13.6   ,D,2009ApJ...703..370C,SNR,Rad|SNR|SR?,,,,,,,,,,,,,,,,,,,,,,,,,,,
0.429400,450,5.0422239,59.32046025,[HL90]  20,5.0420833333,+59.3205555556,,,172,4,00 20 10.1    ,+59 19 14     ,D,,HII,HII,,,,,,,,,,,,,,,,,,,,,,,,,,,
0.507838,468,5.03818205,59.31900215,LGGS J002009.18+591908.9,5.0382500000,+59.3191388889,0.100,0.100,90,1,00 20 09.18   ,+59 19 08.9   ,C,2007AJ....134.2474M,Em*,*|Em*,,,,,,,,,,,,,,,,,22.070,21.560,,,,,,,,,
0.761788,468,5.03818205,59.31900215,LGGS J002009.26+591908.6,5.0385833333,+59.3190555556,0.100,0.100,90,1,00 20 09.26   ,+59 19 08.6   ,C,2007AJ....134.2474M,Em*,*|Em*,,,,,,,,,,,,,,,,,22.120,21.340,,,,,,,,,
1.986676,468,5.03818205,59.31900215,LGGS J002008.94+591907.4,5.0372500000,+59.3187222222,0.100,0.100,90,1,00 20 08.94   ,+59 19 07.4   ,C,2007AJ....134.2474M,Em*,*|Em*,,,,,,,,,,,,,,,,,22.630,22.010,,,,,,,,,
0.286294,469,5.1089714,59.2905836,LGGS J002026.20+591726.3,5.1090833333,+59.2906388889,,,172,11,00 20 26.18   ,+59 17 26.3   ,D,2007AJ....133.2393M,WR*,*|WR*,,,,,WC4,,,,,,,,,,,,22.230,21.150,20.190,,,,,,,,
0.176064,473,5.1111659,59.2924006,LGGS J002026.69+591732.8,5.1112083333,+59.2924444444,,,172,10,00 20 26.69   ,+59 17 32.8   ,D,2007AJ....133.2393M,multiple_object,*|WR*|WR?|mul,,,,,WC?,,,,,,,,,,,,21.430,20.890,20.340,,,,,,,,
0.675863,473,5.1111659,59.2924006,[MAC92] 13-A,5.1109583333,+59.2925555556,,,172,2,00 20 26.63   ,+59 17 33.2   ,D,2003A&A...404..483C,WR*,WR*,,,,,WC5.5,,,,,,,,,,,,,20.800,,,,,,,,,
0.885579,473,5.1111659,59.2924006,[MAC92] 13-B,5.1109166667,+59.2926111111,,,172,2,00 20 26.62   ,+59 17 33.4   ,D,2003A&A...404..483C,Star,*|WR*,,,,,,,,,,,,,,,,,,23.100,,,,,,,,,
0.424417,492,5.03587455,59.318575,LGGS J002008.59+591907.2,5.0357139532,+59.3186597564,0.000,0.000,90,1,00 20 08.57135,+59 19 07.1751,A,2020yCat.1350....0G,Em*,*|Em*,,,,,,,,,-0.456,0.066,0.413,0.465,90,,,,21.150,20.360,,,,,,,,,
0.665065,512,5.1127511,59.291255899999996,[HL90] 111,5.1125000000,+59.2913888889,,,172,16,00 20 27.0    ,+59 17 29     ,D,,HII,HII,,,,,,,,,,,,,,,,,,,,,,,,,,,
0.821376,512,5.1127511,59.291255899999996,[CPF88] 001744.3+590036.0,5.1123416667,+59.2913472222,0.090,0.006,90,7,00 20 26.962  ,+59 17 28.85  ,D,1994ApJ...422..586A,Maser,Mas,,,,,,,,,,,,,,,,,,,,,,,,,,,
0.840842,512,5.1127511,59.291255899999996,WBBH J002027+591728.7,5.1123000000,+59.2912944444,,,172,2,00 20 26.952  ,+59 17 28.66  ,C,2017MNRAS.467.2113W,Radio,Rad,,,,,,,,,,,,,,,,,,,,,,,,,,,
0.184279,520,5.115554449999999,59.293875650000004,[TG2009] 54,5.1154583333,+59.2938611111,,,172,3,00 20 27.71   ,+59 17 37.9   ,C,2015ApJ...804..123L,Cl*,Cl*,,,,,,,,,,,,,,0.063000,0.063000,90,17.543,16.874,16.481,,,,,,,,
0.196528,520,5.115554449999999,59.293875650000004,LGGS J002027.75+591738.1,5.1156250000,+59.2939166667,,,172,1,00 20 27.75   ,+59 17 38.1   ,D,2007AJ....133.2393M,Star,*,,,,,,,,,,,,,,,,,19.200,18.620,18.150,,,,,,,,
0.350919,520,5.115554449999999,59.293875650000004,[VSG2007] 22,5.1157083333,+59.2939333333,,,172,1,00 20 27.770  ,+59 17 38.16  ,D,2007ApJ...662..272V,Star,*,,,,,,,,,,,,,,,,,,,,,20.230,19.340,,,,,
0.545008,520,5.115554449999999,59.293875650000004,[MAC92] 24-A,5.1152916667,+59.2938055556,,,172,4,00 20 27.67   ,+59 17 37.7   ,D,2003A&A...404..483C,multiple_object,WR*|mul,,,,,WN+OB,,,,,,,,,,,,,18.800,,,,,,,,,
0.652763,520,5.115554449999999,59.293875650000004,LGGS J002027.73+591737.3,5.1155416667,+59.2936944444,,,172,1,00 20 27.73   ,+59 17 37.3   ,D,2007AJ....133.2393M,Star,*,,,,,,,,,,,,,,,,,19.120,18.560,18.190,,,,,,,,
0.706743,520,5.115554449999999,59.293875650000004,[H2001] 4-1,5.1157083333,+59.2940555556,,,172,5,00 20 27.77   ,+59 17 38.6   ,D,2001ApJ...559..225H,Cl*,Cl*,,,,,,,,,,,,,,,,,,,,,,,,,,,
0.752707,520,5.115554449999999,59.293875650000004,[MAC92] 24,5.1155416667,+59.2936666667,,,172,12,00 20 27.73   ,+59 17 37.2   ,D,2002ApJ...580L..35M,multiple_object,WR*|mul,,,,,WN,,,,,,,,,,,,,,,,,,,,,,
0.804972,520,5.115554449999999,59.293875650000004,[MAC92] 24-B,5.1159166667,+59.2937500000,,,172,4,00 20 27.82   ,+59 17 37.5   ,D,2003A&A...404..483C,multiple_object,WR*|mul,,,,,,,,,,,,,,,,,,21.300,,,,,,,,,
1.606579,520,5.115554449999999,59.293875650000004,[VSG2007] 7,5.1148333333,+59.2941277778,,,172,1,00 20 27.560  ,+59 17 38.86  ,D,2007ApJ...662..272V,Star,*,,,,,,,,,,,,,,,,,,,,,19.030,18.780,,,,,
1.701073,520,5.115554449999999,59.293875650000004,[VSG2007] 19,5.1147166667,+59.2936750000,,,172,1,00 20 27.532  ,+59 17 37.23  ,D,2007ApJ...662..272V,Star,*,,,,,,,,,,,,,,,,,,,,,17.920,17.010,,,,,
1.909430,520,5.115554449999999,59.293875650000004,[VSG2007] 5,5.1146541667,+59.2936111111,,,172,1,00 20 27.517  ,+59 17 37.00  ,D,2007ApJ...662..272V,Star,*,,,,,,,,,,,,,,,,,,,,,20.350,20.280,,,,,
1.987725,520,5.115554449999999,59.293875650000004,[VSG2007] 2,5.1146083333,+59.2936083333,,,172,1,00 20 27.506  ,+59 17 36.99  ,D,2007ApJ...662..272V,Star,*,,,,,,,,,,,,,,,,,,,,,20.890,20.730,,,,,
0.587128,538,5.0238035,59.3072332,[TG2009] 10,5.0237083333,+59.3073888889,,,172,2,00 20 05.69   ,+59 18 26.6   ,C,2015ApJ...804..123L,Cl*,Cl*,,,,,,,,,,,,,,0.054000,0.054000,90,21.791,20.252,19.185,,,,,,,,
1.666424,542,5.02311335,59.30360915,[MCG2003] IC 10 PN 26,5.0238375000,+59.3033305556,,,172,1,00 20 05.721  ,+59 18 11.99  ,D,2009MNRAS.398..280M,PN?_Candidate,PN?,,,,,,,,,,,,,,,,,,,,,,,,,,,
0.228197,552,5.1123728,59.2888519,LGGS J002026.94+591719.9,5.1122500000,+59.2888611111,,,172,9,00 20 26.94   ,+59 17 19.9   ,D,2007AJ....133.2393M,multiple_object,*|WR*|mul,,,,,WC?,,,,,,,,,,,,21.190,20.610,19.970,,,,,,,,
0.628644,552,5.1123728,59.2888519,[MAC92] 14-B,5.1121250000,+59.2889722222,,,172,2,00 20 26.91   ,+59 17 20.3   ,D,2003A&A...404..483C,Star,*|WR*,,,,,,,,,,,,,,,,,,22.400,,,,,,,,,
0.831667,552,5.1123728,59.2888519,[MAC92] 14-A,5.1119583333,+59.2889444444,,,172,3,00 20 26.87   ,+59 17 20.2   ,D,2003A&A...404..483C,WR*,WR*,,,,,WC5,,,,,,,,,,,,,20.700,,,,,,,,,
0.252639,553,5.0222876,59.3046172,LGGS J002005.35+591816.9,5.0222210012,+59.3046785930,0.001,0.001,90,1,00 20 05.33304,+59 18 16.8429,A,2020yCat.1350....0G,Em*,*|Em*,,,,,,,,,9.894,-1.413,0.652,0.710,90,,,,22.520,21.480,,,,,,,,,
0.252639,553,5.0222876,59.3046172,LGGS J002005.35+591816.8,5.0222210012,+59.3046785930,0.001,0.001,90,1,00 20 05.33304,+59 18 16.8429,A,2020yCat.1350....0G,Em*,*|Em*,,,,,,,,,9.894,-1.413,0.652,0.710,90,,,,22.570,21.180,,,,,,,,,
1.473775,556,5.0226352,59.30045,[WM98] HA 3,5.0229166667,+59.3008333333,,,172,1,00 20 05.5    ,+59 18 03     ,D,1998AJ....116.2363W,PartofG,PoG,,,,,,,,,,,,,,,,,,,,,,,,,,,
0.354278,570,5.11456355,59.2896863,[TG2009] 52,5.1144166667,+59.2897500000,,,172,3,00 20 27.46   ,+59 17 23.1   ,C,2015ApJ...804..123L,Cl*,Cl*,,,,,,,,,,,,,,,,,19.817,19.040,18.182,,,,,,,,
0.072624,576,5.12307315,59.302240499999996,[TG2009] 56,5.1230404208,+59.3022518044,0.007,0.006,90,2,00 20 29.52970,+59 18 08.1065,C,2020yCat.1350....0G,Cl*,*|Cl*,,,,,,,,,,,,,,0.020000,0.020000,90,21.449,19.954,18.992,,,,,,,,
0.403812,577,5.021257,59.3012238,[LSG2012] 8,5.0212498737,+59.3011116889,0.000,0.000,90,2,00 20 05.09997,+59 18 04.0021,A,2020yCat.1350....0G,Star,*|IR,,,,,,,,,-0.008,-0.124,0.246,0.252,90,,,,23.350,21.100,19.430,15.610,14.810,14.130,,,,,
1.043630,594,5.1032605,59.2827875,[HL90] 103,5.1033333333,+59.2825000000,,,172,1,00 20 24.8    ,+59 16 57     ,D,,HII,HII,,,,,,,,,,,,,,,,,,,,,,,,,,,
0.266072,597,5.0746553500000005,59.3305192,[TG2009] 29,5.0745833333,+59.3305833333,,,172,2,00 20 17.90   ,+59 19 50.1   ,C,2015ApJ...804..123L,Cl*,Cl*,,,,,,,,,,,,,,0.062000,0.062000,90,20.867,19.832,19.129,,,,,,,,
0.379156,627,5.03086,59.321373,[TG2009] 13,5.0307083333,+59.3214444444,,,172,2,00 20 07.37   ,+59 19 17.2   ,C,2015ApJ...804..123L,Cl*,Cl*,,,,,,,,,,,,,,0.020000,0.020000,90,22.173,20.873,20.080,,,,,,,,
0.230622,634,5.018186350000001,59.3043857,LGGS J002004.36+591815.9,5.0180810692,+59.3044205646,0.000,0.000,90,1,00 20 04.33946,+59 18 15.9140,A,2020yCat.1350....0G,Em*,*|Em*,,,,,,,0.0685,0.3190,0.048,-0.290,0.286,0.297,90,,,,21.670,20.260,,,,,,,,,
0.053748,638,5.12524365,59.29848005,LGGS J002030.09+591754.6,5.1252697043,+59.2984732711,0.000,0.000,90,1,00 20 30.06473,+59 17 54.5038,A,2020yCat.1350....0G,Em*,*|Em*,,,,,,,,,0.122,-0.034,0.162,0.176,90,,,,19.990,19.180,,,,,,,,,
0.245250,654,5.113017,59.2850648,WBBH J002027+591706.1,5.1131415289,+59.2850403995,0.010,0.003,90,2,00 20 27.15397,+59 17 06.1454,C,2020yCat.1350....0G,Radio,*|Rad,,,,,,,,,,,,,,,,,,,,,,,,,,,
1.363566,654,5.113017,59.2850648,[BLR2008] IC 10  3,5.1133333333,+59.2847222222,,,172,1,00 20 27.2    ,+59 17 05     ,D,2008ApJ...686..948B,MolCld,MoC,,,,,,,,,,,,,,,,,,,,,,,,,,,
1.826909,654,5.113017,59.2850648,[LBW2006] B11b,5.1137500000,+59.2847222222,,,172,3,00 20 27.30   ,+59 17 05.0   ,D,2006ApJ...643..825L,MolCld,MoC,,,,,,,,,,,,,,,,,,,,,,,,,,,
0.577902,656,5.11917635,59.289273249999994,[H2001] 4-5,5.1189583333,+59.2893888889,,,172,3,00 20 28.55   ,+59 17 21.8   ,D,2001ApJ...559..225H,Cl*,Cl*,,,,,,,,,,,,,,,,,,,,,,,,,,,
1.649213,657,5.1269918,59.3012891,[HL90] 136,5.1275000000,+59.3016666667,,,172,1,00 20 30.6    ,+59 18 06     ,D,,HII,HII,,,,,,,,,,,,,,,,,,,,,,,,,,,
0.344643,658,5.1110178,59.2839281,[LL2015] 50,5.1110688520,+59.2838359858,0.001,0.001,90,3,00 20 26.65652,+59 17 01.8095,A,2020yCat.1350....0G,Cl*,*|Cl*,,,,,,,,,-3.287,1.552,1.364,1.394,90,0.017000,0.017000,90,19.578,18.840,18.277,,,,,,,,
0.609311,658,5.1110178,59.2839281,[H2001] 4-3,5.1107500000,+59.2840277778,,,172,3,00 20 26.58   ,+59 17 02.5   ,D,2001ApJ...559..225H,Cl*,Cl*,,,,,,,,,,,,,,,,,,,,,,,,,,,
0.205998,675,5.1147684,59.2854437,LGGS J002027.55+591707.5,5.1147592916,+59.2853866676,0.001,0.001,90,7,00 20 27.54223,+59 17 07.3920,A,2020yCat.1350....0G,Cl*,*|Cl*|Em*,,,,,,,0.3947,0.9454,-5.017,-1.135,0.864,0.898,90,0.007000,0.007000,90,20.088,19.271,18.591,,,,,,,,
0.645602,689,5.031647599999999,59.32414595,[LL2015] 14,5.0315385122,+59.3239754706,0.000,0.000,90,2,00 20 07.56924,+59 19 26.3117,A,2020yCat.1350....0G,Cl*,*|Cl*,,,,,,,0.2847,0.4248,-0.029,0.019,0.328,0.345,90,0.023000,0.023000,90,21.251,20.020,18.788,,,,,,,,
0.434524,704,5.1237833,59.2909315,LGGS J002029.77+591727.2,5.1239894359,+59.2908724481,0.002,0.001,90,1,00 20 29.75746,+59 17 27.1408,A,2020yCat.1350....0G,Em*,*|Em*,,,,,,,,,-4.510,-4.471,2.256,1.688,90,,,,21.590,20.990,,,,,,,,,
0.256380,717,5.027467700000001,59.3228912,[TG2009] 11,5.0273750000,+59.3229444444,,,172,2,00 20 06.57   ,+59 19 22.6   ,C,2015ApJ...804..123L,Cl*,Cl*,,,,,,,,,,,,,,0.028000,0.028000,90,21.332,20.218,19.426,,,,,,,,
1.444908,717,5.027467700000001,59.3228912,[DBL2004] 200,5.0267500000,+59.3230555556,,,172,1,00 20 06.42   ,+59 19 23.0   ,D,2004A&A...424..125D,C*,C*,,,,,,,,,,,,,,,,,,,,,,,,,,,
1.479588,721,5.1255297,59.2921278,[HL90] 134,5.1262500000,+59.2919444444,,,172,1,00 20 30.3    ,+59 17 31     ,D,,HII,HII,,,,,,,,,,,,,,,,,,,,,,,,,,,
0.452303,734,5.0173559,59.2927328,[LL2015] 66,5.0172083333,+59.2928333333,,,172,1,00 20 04.13   ,+59 17 34.2   ,C,2015ApJ...804..123L,Cl*,Cl*,,,,,,,,,,,,,,,,,20.035,18.995,18.215,,,,,,,,
0.345537,747,5.0402978,59.3298637,[GTA2012] 14,5.0403333333,+59.3297694444,,,172,1,00 20 09.680  ,+59 19 47.17  ,C,2012MNRAS.425.2557G,PN?_Candidate,PN?,-310.000,,-0.0010335,,,,,,,,,,,,,,,,,,,,,,,,
0.215833,755,5.125372,59.289389,[HL90] 133,5.1254166667,+59.2894444444,,,172,1,00 20 30.1    ,+59 17 22     ,D,,HII,HII,,,,,,,,,,,,,,,,,,,,,,,,,,,
0.356915,788,5.0924797,59.3336939,[MCG2003] IC 10 PN  7,5.0925833333,+59.3337777778,,,172,4,00 20 22.22   ,+59 20 01.6   ,D,2003A&A...407...51M,PN?_Candidate,PN?,,,,,,,,,,,,,,,,,,,,,,,,,,,
1.249916,795,5.0406256,59.2765327,[GTA2012] 15,5.0411250000,+59.2762972222,,,172,1,00 20 09.870  ,+59 16 34.67  ,C,2012MNRAS.425.2557G,PN?_Candidate,PN?,-357.000,,-0.0011901,,,,,,,,,,,,,,,,,,,,,,,,
0.170012,842,5.1321172,59.3156029,LGGS J002031.73+591856.2,5.1322083333,+59.3156111111,,,172,1,00 20 31.73   ,+59 18 56.2   ,D,2008MNRAS.391L..84G,Star,*,,,,,,,,,,,,,,,,,19.685,18.575,17.923,,,,,,,,
0.628316,848,5.1215889,59.2828286,[TG2009] 55,5.1213333333,+59.2829444444,,,172,2,00 20 29.12   ,+59 16 58.6   ,C,2015ApJ...804..123L,Cl*,Cl*,,,,,,,,,,,,,,0.120000,0.120000,90,20.342,19.614,18.993,,,,,,,,
0.770144,850,5.053224200000001,59.33542215,LGGS J002012.84+592008.1,5.0535000000,+59.3355833333,,,172,8,00 20 12.84   ,+59 20 08.1   ,D,2007AJ....133.2393M,WR*,*|WR*,,,,,WNe,,,,,,,,,,,,22.540,21.590,21.150,,,,,,,,
1.938236,869,5.0927839,59.2722306,[DBL2004] 368,5.0937083333,+59.2719722222,,,172,1,00 20 22.49   ,+59 16 19.1   ,D,2004A&A...424..125D,C*,C*,,,,,,,,,,,,,,,,,,,,,,,,,,,
1.953016,877,5.0133565,59.2884342,[DBL2004] 179,5.0141666667,+59.2880833333,,,172,1,00 20 03.40   ,+59 17 17.1   ,D,2004A&A...424..125D,C*,C*,,,,,,,,,,,,,,,,,,,,,,,,,,,
0.630100,882,5.1107237,59.2766393,[H2001] 4-6,5.1104583333,+59.2767500000,,,172,4,00 20 26.51   ,+59 16 36.3   ,D,2001ApJ...559..225H,Cl*,Cl*,,,,,,,,,,,,,,,,,,,,,,,,,,,
0.908154,925,5.0695902,59.338619,LGGS J002016.82+592019.1,5.0700833333,+59.3386388889,0.100,0.100,90,1,00 20 16.82   ,+59 20 19.1   ,C,2007AJ....134.2474M,Em*,*|Em*,,,,,,,,,,,,,,,,,22.270,21.760,,,,,,,,,
0.633224,938,5.1151091,59.2766597,[H2001] 4-7,5.1149166667,+59.2768055556,,,172,3,00 20 27.58   ,+59 16 36.5   ,D,2001ApJ...559..225H,Cl*,Cl*,,,,,,,,,,,,,,,,,,,,,,,,,,,
0.089454,985,5.0015662,59.30750845,LGGS J002000.41+591827.1,5.0016148392,+59.3075094787,0.000,0.000,90,1,00 20 00.38756,+59 18 27.0341,A,2020yCat.1350....0G,Em*,*|Em*,,,,,,,,,0.080,-0.184,0.564,0.574,90,,,,21.630,20.650,,,,,,,,,
0.869849,990,5.0679567,59.3402452,LGGS J002016.26+592024.1,5.0677500000,+59.3400277778,0.100,0.100,90,1,00 20 16.26   ,+59 20 24.1   ,C,2007AJ....134.2474M,Em*,*|Em*,,,,,,,,,,,,,,,,,22.760,22.320,,,,,,,,,
1.306449,1009,5.1364336,59.2875394,LGGS J002032.80+591716.4,5.1366250000,+59.2878888889,,,172,9,00 20 32.79   ,+59 17 16.4   ,D,2002ApJ...580L..35M,WR*,*|WR*,,,,,WN7,,,,,,,,,,,,22.820,21.380,20.090,,,,,,,,
1.469173,1020,5.0641055999999995,59.34090875,LGGS J002015.28+592028.5,5.0636666667,+59.3412500000,0.100,0.100,90,1,00 20 15.28   ,+59 20 28.5   ,C,2007AJ....134.2474M,Em*,*|Em*,,,,,,,,,,,,,,,,,21.860,21.250,,,,,,,,,
1.938253,1020,5.0641055999999995,59.34090875,[HL90]  40,5.0645833333,+59.3413888889,,,172,2,00 20 15.5    ,+59 20 29     ,D,,HII,HII,,,,,,,,,,,,,,,,,,,,,,,,,,,
0.266139,1035,5.14164725,59.3155775,LGGS J002034.03+591856.1,5.1417916667,+59.3155833333,,,172,1,00 20 34.03   ,+59 18 56.1   ,D,2008MNRAS.391L..84G,Star,*,,,,,,,,,,,,,,,,,18.501,17.509,16.922,,,,,,,,
0.235050,1039,5.1438004,59.31186165,LGGS J002034.54+591842.8,5.1439166667,+59.3118888889,,,172,1,00 20 34.54   ,+59 18 42.8   ,D,2008MNRAS.391L..84G,Star,*,,,,,,,,,,,,,,,,,20.183,18.909,18.115,,,,,,,,
0.044520,1114,5.1418184,59.2877903,LGGS J002034.06+591716.1,5.1418421551,+59.2877879038,0.008,0.003,90,1,00 20 34.04212,+59 17 16.0365,C,2020yCat.1350....0G,Em*,*|Em*,,,,,,,,,,,,,32767,,,,21.880,21.110,,,,,,,,,
0.212981,1175,5.14834245,59.31383495,LGGS J002035.63+591849.8,5.1484583333,+59.3138333333,,,172,1,00 20 35.63   ,+59 18 49.8   ,D,2008MNRAS.391L..84G,Star,*,,,,,,,,,,,,,,,,,18.183,16.983,16.295,,,,,,,,
0.342370,1221,5.0080792,59.3292124,[TG2009] 5,5.0080416667,+59.3293055556,,,172,2,00 20 01.93   ,+59 19 45.5   ,C,2015ApJ...804..123L,Cl*,Cl*,,,,,,,,,,,,,,0.025000,0.025000,90,21.268,20.268,19.581,,,,,,,,
0.570671,1248,5.0023769,59.2816068,LGGS J002000.52+591653.5,5.0021053340,+59.2815300866,0.000,0.000,90,1,00 20 00.50528,+59 16 53.5083,A,2020yCat.1350....0G,Em*,*|Em*,,,,,,,0.1865,0.7687,-0.211,0.429,0.618,0.659,90,,,,22.100,20.900,,,,,,,,,
0.449805,1259,4.990228050000001,59.30981945,2MASS J00195768+5918349,4.9903500000,+59.3097111111,0.110,0.110,135,1,00 19 57.684  ,+59 18 34.96  ,C,2003yCat.2246....0C,Star,*|IR,,,,,,,,,,,,,,,,,22.580,20.940,19.900,,14.440,,,,,,
1.789978,1287,5.1400759,59.3286898,WBBH J002033+591942.9,5.1391250000,+59.3285805556,,,172,2,00 20 33.390  ,+59 19 42.89  ,C,2017MNRAS.467.2113W,Radio,Rad,,,,,,,,,,,,,,,,,,,,,,,,,,,
0.482125,1316,4.9985824,59.2820388,[MAC92]  2,4.9988333333,+59.2820000000,,,172,9,00 19 59.72   ,+59 16 55.2   ,D,,WR*,WR*,,,,,WC4,,,,,,,,,,,,,,,,,,,,,,
0.496940,1316,4.9985824,59.2820388,LGGS J001959.69+591654.9,4.9987083333,+59.2819166667,,,172,1,00 19 59.69   ,+59 16 54.9   ,D,2007AJ....133.2393M,Star,*,,,,,,,,,,,,,,,,,23.170,21.580,20.540,,,,,,,,
0.679149,1316,4.9985824,59.2820388,LGGS J001959.63+591654.7,4.9984583333,+59.2818611111,,,172,1,00 19 59.63   ,+59 16 54.7   ,D,2007AJ....133.2393M,Star,*,,,,,,,,,,,,,,,,,21.830,21.020,20.490,,,,,,,,
1.830777,1349,5.063108,59.25975485,[DBL2004] 272,5.0621250000,+59.2598333333,,,172,1,00 20 14.91   ,+59 15 35.4   ,D,2004A&A...424..125D,C*,C*,,,,,,,,,,,,,,,,,,,,,,,,,,,
0.356783,1352,4.997295,59.3267353,[TG2009] 3,4.9972500000,+59.3266388889,,,172,2,00 19 59.34   ,+59 19 35.9   ,C,2015ApJ...804..123L,Cl*,Cl*,,,,,,,,,,,,,,0.014000,0.014000,90,22.222,21.325,20.587,,,,,,,,
0.529261,1362,5.0087377,59.3346665,[TG2009] 6,5.0085000000,+59.3345833333,,,172,2,00 20 02.04   ,+59 20 04.5   ,C,2015ApJ...804..123L,Cl*,Cl*,,,,,,,,,,,,,,0.010000,0.010000,90,21.530,20.596,19.820,,,,,,,,
1.805004,1427,4.989504,59.2859941,[GTA2012] 6,4.9896250000,+59.2864916667,,,172,3,00 19 57.510  ,+59 17 11.37  ,C,2012MNRAS.425.2557G,PN,PN|PN?,-317.000,,-0.0010568,,,,,,,,,,,,,,,,,,,,,,,,
1.372801,1440,5.1562049000000005,59.3208156,[DBL2004] 478,5.1554583333,+59.3208333333,,,172,1,00 20 37.31   ,+59 19 15.0   ,D,2004A&A...424..125D,C*,C*,,,,,,,,,,,,,,,,,,,,,,,,,,,
0.132313,1459,5.1028912,59.2600018,[LL2015] 61,5.1029457456,+59.2600257477,0.013,0.009,90,1,00 20 24.70698,+59 15 36.0927,C,2020yCat.1350....0G,Cl*,*|Cl*,,,,,,,,,,,,,,0.018033,0.018033,32767,21.005,19.603,18.634,,,,,,,,
0.202776,1462,5.00019895,59.3327915,[TG2009] 4,5.0001250000,+59.3328333333,,,172,2,00 20 00.03   ,+59 19 58.2   ,C,2015ApJ...804..123L,Cl*,Cl*,,,,,,,,,,,,,,0.047000,0.047000,90,21.014,19.849,19.024,,,,,,,,
0.084603,1638,5.044781499999999,59.3523409,[LL2015] 17,5.0448249660,+59.3523487325,0.000,0.000,90,2,00 20 10.75799,+59 21 08.4554,A,2020yCat.1350....0G,Cl*,*|Cl*,,,,,,,0.4336,0.0715,-2.974,-3.878,0.066,0.069,90,0.025000,0.025000,90,18.340,17.270,16.684,,,,,,,,
1.996761,1650,5.1702085,59.2965557,[GTA2012] 33,5.1693750000,+59.2962000000,,,172,1,00 20 40.650  ,+59 17 46.32  ,C,2012MNRAS.425.2557G,PN?_Candidate,PN?,-284.000,,-0.0009469,,,,,,,,,,,,,,,,,,,,,,,,
0.064759,1823,5.11379505,59.353997,[LL2015] 49,5.1138301514,+59.3539951403,0.002,0.002,90,2,00 20 27.31924,+59 21 14.3825,C,2020yCat.1350....0G,Cl*,*|Cl*,,,,,,,,,,,,,32767,0.042000,0.042000,90,20.070,18.649,17.711,,,,,,,,
0.690839,1941,5.1796686,59.2885182,[SS89] 6,5.1800178768,+59.2884474491,,,172,1,00 20 43.2    ,+59 17 18     ,D,1989A&A...214...33S,PartofG,PoG,,,,,,,,,,,,,,,,,,,,,,,,,,,
0.108486,2074,5.0683944499999996,59.2438218,LGGS J002016.41+591437.5,5.0683390000,+59.2438320000,0.240,0.230,113,1,00 20 16.401  ,+59 14 37.80  ,C,2003yCat.2246....0C,Em*,*|Em*|IR,,,,,,,,,,,,,,,,,21.280,19.950,,16.040,15.576,15.510,,,,,
0.122589,2108,4.9945033500000005,59.2577223,LGGS J001958.69+591527.7,4.9945416667,+59.2576944444,,,172,1,00 19 58.69   ,+59 15 27.7   ,D,2017ApJ...836...50L,Star,*,,,,,,,,,,,,,,,,,,,,,,,,,,,
1.622966,2874,5.0850493,59.2900357,LGGS J002020.20+591724.1,5.0841666667,+59.2900277778,0.100,0.100,90,1,00 20 20.20   ,+59 17 24.1   ,C,2007AJ....134.2474M,Em*,*|Em*,,,,,,,,,,,,,,,,,22.660,21.720,,,,,,,,,
1.078513,2919,5.1152399,59.3029123,[MAC92] 16,5.1150000000,+59.3026388889,,,172,4,00 20 27.60   ,+59 18 09.5   ,D,,WR*,WR*,,,,,WN,,,,,,,,,,,,,,,,,,,,,,
1.206396,2919,5.1152399,59.3029123,[HL90] 122,5.1158333333,+59.3030555556,,,172,2,00 20 27.8    ,+59 18 11     ,D,,HII,HII,,,,,,,,,,,,,,,,,,,,,,,,,,,
1.755124,2921,5.0432404,59.3205024,[YS93] HL20a,5.0422916667,+59.3204444444,,,172,1,00 20 10.15   ,+59 19 13.6   ,D,2009ApJ...703..370C,SNR,Rad|SNR|SR?,,,,,,,,,,,,,,,,,,,,,,,,,,,
1.829002,2941,5.1114025,59.2893658,[MAC92] 14-A,5.1119583333,+59.2889444444,,,172,3,00 20 26.87   ,+59 17 20.2   ,D,2003A&A...404..483C,WR*,WR*,,,,,WC5,,,,,,,,,,,,,20.700,,,,,,,,,
1.942176,2941,5.1114025,59.2893658,[MAC92] 14-B,5.1121250000,+59.2889722222,,,172,2,00 20 26.91   ,+59 17 20.3   ,D,2003A&A...404..483C,Star,*|WR*,,,,,,,,,,,,,,,,,,22.400,,,,,,,,,
0.760029,2988,5.0129459,59.3075447,RSMV  6,5.0125416667,+59.3075000000,0.100,0.100,90,6,00 20 03.01   ,+59 18 27.0   ,C,2007AJ....134.2474M,WR*,*|WR*,,,,,WC4,,,,,,,,,,,,23.280,22.200,21.380,,,,,,,,
0.099167,3034,5.1352816,59.2868811,[TG2009] 57,5.1353333333,+59.2868888889,,,172,2,00 20 32.48   ,+59 17 12.8   ,C,2015ApJ...804..123L,Cl*,Cl*,,,,,,,,,,,,,,0.030000,0.030000,90,20.853,20.153,19.460,,,,,,,,
